{"successes": {"predict": 1, "feedback_recall": 1}, "failures": {"predict": 9.249999713897704, "feedback_recall": 19.799999713897705}}