{"successes": {"predict": 1, "feedback_recall": 1}, "failures": {"predict": 6.199999809265137, "feedback_recall": 13.566666444142658}}