{
  "r2": 0.0002873302818999779,
  "mae": 1.4441697485732163
}