{
  "r2": 0.9999999999840001,
  "mae": 1.9999920000124405e-06
}