{
  "r2": 0.9999999999964343,
  "mae": 2.1333327489732787e-06
}