{
  "r2": 0.47480468444623036,
  "mae": 0.9844905206653604
}