{
  "r2": 0.9520819348458854,
  "mae": 0.34107856545812076
}