{
  "r2": 0.9999999999998025,
  "mae": 6.666665188781451e-07
}