{
  "r2": 0.7744814283589035,
  "mae": 0.8348989013677347
}