{
  "r2": 0.9508957910170467,
  "mae": 0.2729138920145695
}