{
  "r2": 0.1031917283541659,
  "mae": 1.1707189658930772
}